Name,Nominal Partition Type,Delta,Rank
reddit,spectral,0.009072864799697992,1
reddit,spectral,0.008050481355947202,2
reddit,spectral,0.007108199542900656,3
reddit,spectral,0.007045537300444664,4
reddit,spectral,0.004666133047966458,5
reddit,spectral,0.0037800279841197523,6
reddit,spectral,0.002210779607406769,7
reddit,spectral,0.0017630375900507657,8
reddit,spectral,0.0008668510892637038,9
reddit,spectral,0.0007284047580304,10
reddit,spectral,0.0005681597420560268,11
reddit,spectral,-4.501867599182862e-05,12
reddit,spectral,-0.000259118029242502,13
reddit,spectral,-0.00029531664737130885,14
reddit,spectral,-0.0008755988899831572,15
reddit,spectral,-0.0012306662451730447,16
reddit,spectral,-0.0017484404936785295,17
reddit,spectral,-0.0030384037010187993,18
reddit,spectral,-0.0033520107908237796,19
reddit,spectral,-0.0035770325618644373,20
reddit,spectral,-0.0036534288180513617,21
reddit,spectral,-0.004652151575447712,22
reddit,spectral,-0.0047813446558459234,23
reddit,spectral,-0.010283475588242124,24
reddit,spectral,-0.011192608295589422,25
reddit,spectral,-0.014853421097765709,26
reddit,spectral,-0.017352713382151226,27
reddit,spectral,-0.018676522670504174,28
reddit,spectral,-0.01941914777686953,29
reddit,spectral,-0.029011973895513878,30
reddit,spectral,-0.032180330725930115,31
reddit,spectral,-0.03866056439071746,32
reddit,spectral,-0.03931013913635261,33
reddit,spectral,-0.044566656497079506,34
reddit,spectral,-0.04777684085071827,35
reddit,spectral,-0.04934661915918532,36
reddit,spectral,-0.05049143751113176,37
reddit,spectral,-0.05184340550388172,38
reddit,spectral,-0.056181442454391654,39
reddit,spectral,-0.056198952486057656,40
reddit,spectral,-0.05645082960133651,41
reddit,spectral,-0.058589071594644146,42
reddit,spectral,-0.06164367339941369,43
reddit,spectral,-0.06277206241457703,44
reddit,spectral,-0.06367638370549655,45
reddit,spectral,-0.06496817436215817,46
reddit,spectral,-0.0659173872748949,47
reddit,spectral,-0.06840969472370623,48
reddit,spectral,-0.06995185922677144,49
reddit,spectral,-0.07596825338983308,50
reddit,spectral,-0.07856242017325504,51
reddit,spectral,-0.07966339739872075,52
reddit,spectral,-0.08726597575372835,53
reddit,spectral,-0.08784590195818351,54
reddit,spectral,-0.08827097860060773,55
reddit,spectral,-0.09046540874487556,56
reddit,spectral,-0.09142004488443746,57
reddit,spectral,-0.09232266236248168,58
reddit,spectral,-0.09341452196121669,59
reddit,spectral,-0.09463830339896792,60
reddit,spectral,-0.0946780245420166,61
reddit,spectral,-0.09650825740208277,62
reddit,spectral,-0.09771750668691723,63
reddit,spectral,-0.09812328698913379,64
reddit,spectral,-0.09835146641060172,65
reddit,spectral,-0.09976441010263065,66
reddit,spectral,-0.10094597492266703,67
reddit,spectral,-0.10342831514246094,68
reddit,spectral,-0.10450282725428088,69
reddit,spectral,-0.10485475038687543,70
reddit,spectral,-0.10651865716829732,71
reddit,spectral,-0.10705620813022847,72
reddit,spectral,-0.10990839998697818,73
reddit,spectral,-0.1111134076310601,74
reddit,spectral,-0.1127245337931609,75
reddit,spectral,-0.11479056179773381,76
reddit,spectral,-0.11613643344120328,77
reddit,spectral,-0.12112466699992108,78
reddit,spectral,-0.12146621030102034,79
reddit,spectral,-0.12248495761016899,80
reddit,spectral,-0.12960278895796282,81
reddit,spectral,-0.13777223643842507,82
reddit,spectral,-0.13813754190759098,83
reddit,spectral,-0.14050174477175742,84
reddit,spectral,-0.1407056445872666,85
reddit,spectral,-0.14420449657953288,86
reddit,spectral,-0.14473754547483353,87
reddit,spectral,-0.14794012223770325,88
reddit,spectral,-0.15270216976002166,89
reddit,spectral,-0.15886184612701354,90
reddit,spectral,-0.16644711196504117,91
reddit,spectral,-0.16882871772411778,92
reddit,spectral,-0.18005138138447982,93
reddit,spectral,-0.18185348821406955,94
reddit,spectral,-0.1892704112981474,95
reddit,spectral,-0.19516217178015735,96
reddit,spectral,-0.1985281035251514,97
reddit,spectral,-0.2153857233944454,98
reddit,spectral,-0.22197572337886096,99
reddit,spectral,-0.29335635208252414,100
twitter,spectral,0.4709425480732648,1
twitter,spectral,0.4107312704785005,2
twitter,spectral,0.2499051771442748,3
twitter,spectral,0.08409865896542311,4
twitter,spectral,0.02092859033000368,5
twitter,spectral,0.017418187583005063,6
twitter,spectral,0.01725293659765343,7
twitter,spectral,0.010815217963352788,8
twitter,spectral,0.010283843913278697,9
twitter,spectral,0.010102624069481462,10
twitter,spectral,0.009446754089291574,11
twitter,spectral,0.007617839574553251,12
twitter,spectral,0.007059636451026976,13
twitter,spectral,0.006989187034968337,14
twitter,spectral,0.006350877108640794,15
twitter,spectral,0.006279050149891693,16
twitter,spectral,0.006031960163294188,17
twitter,spectral,0.005179635515543017,18
twitter,spectral,0.00513477219177862,19
twitter,spectral,0.004472053640221871,20
twitter,spectral,0.004414507843992183,21
twitter,spectral,0.0033033175074223967,22
twitter,spectral,0.002102587694955507,23
twitter,spectral,0.0017630209489779716,24
twitter,spectral,0.0017580857018512147,25
twitter,spectral,-0.0003050286168176013,26
twitter,spectral,-0.0004034460297558355,27
twitter,spectral,-0.0005653401792391911,28
twitter,spectral,-0.0008266931184320712,29
twitter,spectral,-0.000848176777051644,30
twitter,spectral,-0.0012893898132040214,31
twitter,spectral,-0.001539361821905511,32
twitter,spectral,-0.002904284987599448,33
twitter,spectral,-0.002956043867329863,34
twitter,spectral,-0.003163380257679916,35
twitter,spectral,-0.0034832440882975654,36
twitter,spectral,-0.004246408957221993,37
twitter,spectral,-0.005173380959088248,38
twitter,spectral,-0.006086329223136958,39
twitter,spectral,-0.006275073862654575,40
twitter,spectral,-0.00639834817661373,41
twitter,spectral,-0.006554346341947843,42
twitter,spectral,-0.006783094455150398,43
twitter,spectral,-0.00783878049196794,44
twitter,spectral,-0.008645101221993731,45
twitter,spectral,-0.010497357310550457,46
twitter,spectral,-0.011221672241321857,47
twitter,spectral,-0.011390540491405908,48
twitter,spectral,-0.012323446026837109,49
twitter,spectral,-0.012744668529988205,50
twitter,spectral,-0.012810215924734915,51
twitter,spectral,-0.013054247480877364,52
twitter,spectral,-0.013634716061661544,53
twitter,spectral,-0.01485866260865178,54
twitter,spectral,-0.014990398906792551,55
twitter,spectral,-0.017859095412458517,56
twitter,spectral,-0.01825609687249908,57
twitter,spectral,-0.01895682442122541,58
twitter,spectral,-0.01919437328402912,59
twitter,spectral,-0.019581106754730643,60
twitter,spectral,-0.019834633644615778,61
twitter,spectral,-0.02083973819143767,62
twitter,spectral,-0.021943236045509663,63
twitter,spectral,-0.022600080720411742,64
twitter,spectral,-0.022811668342702332,65
twitter,spectral,-0.026524327444327176,66
twitter,spectral,-0.02762303090385925,67
twitter,spectral,-0.02790628613712374,68
twitter,spectral,-0.029825715904257318,69
twitter,spectral,-0.030131309006533605,70
twitter,spectral,-0.03097690556035218,71
twitter,spectral,-0.03098714953509304,72
twitter,spectral,-0.03223842741504723,73
twitter,spectral,-0.032437386779965514,74
twitter,spectral,-0.03366461129823182,75
twitter,spectral,-0.036188125637462605,76
twitter,spectral,-0.03783327268089001,77
twitter,spectral,-0.03827762738289538,78
twitter,spectral,-0.03834413656959544,79
twitter,spectral,-0.03942200860787105,80
twitter,spectral,-0.05234718772299666,81
twitter,spectral,-0.05467065031563166,82
twitter,spectral,-0.05541170432916683,83
twitter,spectral,-0.05633216231085497,84
twitter,spectral,-0.063672373576701,85
twitter,spectral,-0.07395819917403303,86
twitter,spectral,-0.07634390487230219,87
twitter,spectral,-0.07801760110466646,88
twitter,spectral,-0.08572008957507678,89
twitter,spectral,-0.08718948617323521,90
twitter,spectral,-0.0922679026750779,91
twitter,spectral,-0.09578456350590453,92
twitter,spectral,-0.10299669975122663,93
twitter,spectral,-0.10602851906170224,94
twitter,spectral,-0.15076808939813385,95
twitter,spectral,-0.18685889669789757,96
twitter,spectral,-0.19507904850273797,97
twitter,spectral,-0.2424232120650232,98
twitter,spectral,-0.2796015969597056,99
twitter,spectral,-0.44158545380051606,100
polblogs,spectral,0.3338420622763561,1
polblogs,spectral,0.2878018628441834,2
polblogs,spectral,0.1796599795661329,3
polblogs,spectral,0.14623895641719445,4
polblogs,spectral,0.14152095903859693,5
polblogs,spectral,0.10457878885675546,6
polblogs,spectral,0.0771855198478002,7
polblogs,spectral,0.06929256752594318,8
polblogs,spectral,0.06557490907650093,9
polblogs,spectral,0.04853524862831729,10
polblogs,spectral,0.03934468410722857,11
polblogs,spectral,0.03546247858123228,12
polblogs,spectral,0.026748223591324227,13
polblogs,spectral,0.023833032576832718,14
polblogs,spectral,0.018205146524575996,15
polblogs,spectral,0.01600835577455153,16
polblogs,spectral,0.0108776707934815,17
polblogs,spectral,0.004010874305701122,18
polblogs,spectral,0.00367389446414776,19
polblogs,spectral,0.0033104768753661157,20
polblogs,spectral,0.003241582897770267,21
polblogs,spectral,0.0031449176158634155,22
polblogs,spectral,0.0030218800595197123,23
polblogs,spectral,0.002667160600635811,24
polblogs,spectral,0.0026431403442498717,25
polblogs,spectral,0.0022801518876379508,26
polblogs,spectral,0.0021848154309724067,27
polblogs,spectral,0.002055589667520295,28
polblogs,spectral,0.001961535385730961,29
polblogs,spectral,0.001548640325016056,30
polblogs,spectral,0.0014751844010252695,31
polblogs,spectral,0.0014674948563415731,32
polblogs,spectral,0.0014324776805794115,33
polblogs,spectral,0.0013757963024044514,34
polblogs,spectral,0.000984798871686373,35
polblogs,spectral,0.0006884640886300607,36
polblogs,spectral,0.0006077928947795108,37
polblogs,spectral,0.0005093609477014055,38
polblogs,spectral,0.00047181092043734936,39
polblogs,spectral,0.0004074681415821232,40
polblogs,spectral,0.00032436849423708063,41
polblogs,spectral,0.0002776186998832156,42
polblogs,spectral,0.00020614338442678706,43
polblogs,spectral,0.00015217978999376613,44
polblogs,spectral,0.0001114209018716304,45
polblogs,spectral,0.00010938961563994394,46
polblogs,spectral,7.309240265339899e-06,47
polblogs,spectral,-0.00018219945135686645,48
polblogs,spectral,-0.00020731800746025627,49
polblogs,spectral,-0.00024047711633634264,50
polblogs,spectral,-0.0003487215367515803,51
polblogs,spectral,-0.0004346063113517227,52
polblogs,spectral,-0.00045662472464082064,53
polblogs,spectral,-0.0005237576436555012,54
polblogs,spectral,-0.0005701786169496347,55
polblogs,spectral,-0.000575448828508227,56
polblogs,spectral,-0.0005910537606465281,57
polblogs,spectral,-0.0006004881477405389,58
polblogs,spectral,-0.0007395666268995714,59
polblogs,spectral,-0.0008051301277123063,60
polblogs,spectral,-0.000914314922180705,61
polblogs,spectral,-0.0011020599291438448,62
polblogs,spectral,-0.0012514636633065958,63
polblogs,spectral,-0.001259268604666016,64
polblogs,spectral,-0.0013831378055377019,65
polblogs,spectral,-0.0014320322063354032,66
polblogs,spectral,-0.0014832695803933423,67
polblogs,spectral,-0.0015256933313547247,68
polblogs,spectral,-0.0015717007254988128,69
polblogs,spectral,-0.0022964834267881393,70
polblogs,spectral,-0.002302222743988209,71
polblogs,spectral,-0.002342816665434692,72
polblogs,spectral,-0.002386242734443595,73
polblogs,spectral,-0.0026233457735931683,74
polblogs,spectral,-0.00283135275408928,75
polblogs,spectral,-0.0028320366827382587,76
polblogs,spectral,-0.0028490187344235667,77
polblogs,spectral,-0.0030120980007088405,78
polblogs,spectral,-0.0034671069629708382,79
polblogs,spectral,-0.003678887592447841,80
polblogs,spectral,-0.00381889322771063,81
polblogs,spectral,-0.003944313693412417,82
polblogs,spectral,-0.004003429552471952,83
polblogs,spectral,-0.005656169844638589,84
polblogs,spectral,-0.005998825232597475,85
polblogs,spectral,-0.0062677329691584755,86
polblogs,spectral,-0.0070287419597671805,87
polblogs,spectral,-0.007887344494123276,88
polblogs,spectral,-0.009170650212693688,89
polblogs,spectral,-0.013064228894569388,90
polblogs,spectral,-0.06840442576633554,91
polblogs,spectral,-0.07108851147198862,92
polblogs,spectral,-0.07113511925613027,93
polblogs,spectral,-0.07715181833602026,94
polblogs,spectral,-0.0822153562097879,95
polblogs,spectral,-0.09063256666408187,96
polblogs,spectral,-0.09425473594040151,97
polblogs,spectral,-0.10494085865322034,98
polblogs,spectral,-0.19059721652043524,99
polblogs,spectral,-0.7785858273098498,100
