Name,Metric,Percent Change,Value,k,Rho,Number of Nodes,Budget,Robust Budget,Nominal Partition Type,Seed,Time (s),Ridge
reddit,Worst Disparity,0.0,0.014260512932860929,0,0.2,553,100,100,spectral,0,236.27252173423767,2.0
reddit,Benefit,0.0,0.0,0,0.2,553,100,100,spectral,0,236.27252173423767,2.0
reddit,Frobenius deviation,0.0,0.0,0,0.2,553,100,100,spectral,0,236.27252173423767,2.0
reddit,Spectral deviation,0.0,0.0,0,0.2,553,100,100,spectral,0,236.27252173423767,2.0
reddit,Disparity,6.538160827940846,0.015192888203301334,1,0.2,553,100,203,spectral,0,236.27252173423767,2.0
reddit,Benefit,-143829224015.84216,-1.4382922401584217e-05,1,0.2,553,100,203,spectral,0,236.27252173423767,2.0
reddit,Frobenius deviation,0.12583528599353683,0.6958691315442588,1,0.2,553,100,203,spectral,0,236.27252173423767,2.0
reddit,Spectral deviation,0.10989643744867243,0.6077272990911564,1,0.2,553,100,203,spectral,0,236.27252173423767,2.0
reddit,Disparity,10.913298970687082,0.01581680534397863,2,0.2,553,100,263,spectral,0,236.27252173423767,2.0
reddit,Benefit,-34200540147.688587,-3.4200540147688585e-06,2,0.2,553,100,263,spectral,0,236.27252173423767,2.0
reddit,Frobenius deviation,0.2343827189845536,1.2961364359845815,2,0.2,553,100,263,spectral,0,236.27252173423767,2.0
reddit,Spectral deviation,0.18907115918869566,1.0455635103134833,2,0.2,553,100,263,spectral,0,236.27252173423767,2.0
twitter,Worst Disparity,0.0,0.06788326079178861,0,0.2,548,100,100,spectral,0,58.99088478088379,2.0
twitter,Benefit,0.0,0.0,0,0.2,548,100,100,spectral,0,58.99088478088379,2.0
twitter,Frobenius deviation,0.0,0.0,0,0.2,548,100,100,spectral,0,58.99088478088379,2.0
twitter,Spectral deviation,0.0,0.0,0,0.2,548,100,100,spectral,0,58.99088478088379,2.0
twitter,Disparity,-2.966119836669124,0.06586976192766524,1,0.2,548,100,204,spectral,0,58.99088478088379,2.0
twitter,Benefit,27150941438888.33,0.0027150941438888326,1,0.2,548,100,204,spectral,0,58.99088478088379,2.0
twitter,Frobenius deviation,0.11374387347886976,0.6233164266642063,1,0.2,548,100,204,spectral,0,58.99088478088379,2.0
twitter,Spectral deviation,0.08146079316545454,0.4464051465466913,1,0.2,548,100,204,spectral,0,58.99088478088379,2.0
polblogs,Worst Disparity,0.0,0.0790989430860604,0,0.2,1222,100,100,spectral,0,196.22420477867126,2.0
polblogs,Benefit,0.0,0.0,0,0.2,1222,100,100,spectral,0,196.22420477867126,2.0
polblogs,Frobenius deviation,0.0,0.0,0,0.2,1222,100,100,spectral,0,196.22420477867126,2.0
polblogs,Spectral deviation,0.0,0.0,0,0.2,1222,100,100,spectral,0,196.22420477867126,2.0
polblogs,Disparity,8.684509139263337,0.08596829802743089,1,0.2,1222,100,208,spectral,0,196.22420477867126,2.0
polblogs,Benefit,37763915470893.78,0.0037763915470893777,1,0.2,1222,100,208,spectral,0,196.22420477867126,2.0
polblogs,Frobenius deviation,1.0387735085331844,12.693812274275514,1,0.2,1222,100,208,spectral,0,196.22420477867126,2.0
polblogs,Spectral deviation,0.728695455824917,8.90465847018049,1,0.2,1222,100,208,spectral,0,196.22420477867126,2.0
