name,dataset,family,labels,n,m,lambda_2,lambda_n,polarization,disagreement,cross_edge_fraction,ei_index,modularity,assortativity,size_imbalance,volume_imbalance,trM_over_n,disparity_rho=0.0,ratio_rho=0.0,bound_rho=0.0,structural_rho=0.0,disparity_rho=0.1,ratio_rho=0.1,bound_rho=0.1,structural_rho=0.1,disparity_rho=0.2,ratio_rho=0.2,bound_rho=0.2,structural_rho=0.2
Polblogs,polblogs,Political blogs,ground truth,1222,16715,0.168691508283572,352.0457120410857,0.1200643219274297,0.18948013808455091,0.09422392390296432,-0.8115521521940714,0.40526280668869813,0.8113556406907386,0.04091653027823241,0.0322754329813646,0.050796170602279346,0.9985268447293382,8.316599208654809,1.3658398415341306,0.9999999999999942,0.6575780750524449,5.476881595599264,0.8741374985818438,0.6606743704003629,0.39239569863708323,3.2682123410005044,0.491702342952287,0.46667239466182037
Reddit,reddit,Discussion (spectral),spectral,553,8969,0.9598530847355952,69.3921797211054,0.02119498093555806,0.05562496346804934,0.04058423458579552,-0.918831530828409,0.0034453232023620548,0.07825023405728349,0.945750452079566,0.9549559594157654,0.009184764602543954,0.12451380417294829,5.874683471125748,3.841024113747628,1.0000000000000924,0.08704112649014303,4.106685764652765,2.4582554327984827,0.6436119959700584,0.0578957105146278,2.731576437395999,1.3827686809491462,0.36895462713473465
Twitter,twitter,Discussion (spectral),spectral,548,3638,0.43927293514721116,126.0798464307077,0.4477446949525455,0.2119278076575637,0.02748763056624519,-0.9450247388675096,0.46559195420884125,0.9442531562551236,0.145985401459854,0.11764705882352941,0.03848183258671335,0.9882304799393541,2.2071294000347503,2.071506581847268,1.0000000000000355,0.6452626968075821,1.4411397925685545,1.3257642123822517,0.6548620534085147,0.3785099765939815,0.8453700978726238,0.7457423694650165,0.39570050504059706
Twitch-DE,twitch-DE,Twitch (mature),ground truth,9498,153138,0.2655519223519298,4260.003771961813,0.03373802402810095,0.09525015689123363,0.3677663284096697,-0.26446734318066056,0.05955505841030881,0.13936830743132902,0.20909665192672142,0.3812574279408116,0.028107199348279592,0.9577536641283553,28.387959630671514,1.601621668168665,0.9999999999993275,0.6244286537448439,18.508157241951903,1.025037867627946,0.651298256794177,0.36517586789100137,10.823866495169973,0.5765838005407193,0.44708093246977276
Twitch-ENGB,twitch-ENGB,Twitch (mature),ground truth,7126,35324,0.17625257362857075,721.0170350755197,0.09397705031822311,0.1559749014821249,0.44400407654852225,-0.1119918469029555,0.041367696352195865,0.08522888775540213,0.09121526803255683,0.17104518174612163,0.08446414057015487,0.992461685092719,10.56068137627289,1.3835701169678363,0.9999999999999806,0.6664254143383607,7.091363392250821,0.8854848748594154,0.673616591391112,0.41284164819608166,4.393004960233652,0.49808524210842103,0.503736846436452
Twitch-ES,twitch-ES,Twitch (mature),ground truth,4648,59382,0.20266647092794934,1023.0712652084189,0.030686418230693797,0.08900195846836698,0.42000943046714495,-0.15998113906571015,0.04854027318446222,0.10359684961097446,0.41480206540447506,0.25079990569532856,0.0361002385612114,0.8332191747787034,27.152702166630966,1.446406640294288,1.0000000000007712,0.5436130513271551,17.715102728522787,0.9257002497883444,0.6546016936658092,0.31836384419817276,10.374747609994195,0.5207063905059436,0.47393590800665375
Twitch-FR,twitch-FR,Twitch (mature),ground truth,6549,112666,0.36198919185337664,2041.0134257071245,0.021466874164243314,0.0744501514075852,0.44054994408250936,-0.11890011183498127,0.04083846648352063,0.084834752119399,0.2627882119407543,0.19293309427866437,0.023447545415884403,0.9324248074260163,43.43551838483902,1.855014558725414,1.0000000000000184,0.6042868453996383,28.149736229701276,1.1872093175842653,0.6494718362976555,0.349068430490233,16.26079455348302,0.667805241141149,0.4314039263465607
Twitch-PTBR,twitch-PTBR,Twitch (mature),ground truth,1912,31299,0.37760137494938584,768.0275845079202,0.024975716792513203,0.07533146507638598,0.42915109108917215,-0.14169781782165564,0.05137450008914157,0.10691314059499797,0.30857740585774057,0.1973545480686284,0.029724905211256605,0.9071581727318585,36.32160711414661,1.8977855482624384,1.000000000000003,0.589392997926193,23.59864194579878,1.2145827508879607,0.6521872672988097,0.34224230641067527,13.703002370417128,0.6832027973744778,0.4267659687342136
Twitch-RU,twitch-RU,Twitch (mature),ground truth,4385,37304,0.18424955458132433,1230.01096086309,0.053964487422797025,0.11614027227113043,0.3823718636071199,-0.23525627278576025,0.010316405220780353,0.026271233545053382,0.5096921322690992,0.46327471584816643,0.052829889816987094,0.7542331523932977,13.97647209143463,1.402447007526065,0.9999999999993949,0.5013306851469701,9.290011062630523,0.8975660848166819,0.6612647833266009,0.30462876617760415,5.6449858180051065,0.5048809227093835,0.5004476260176628
FB-Caltech,fb-Caltech36,Facebook (gender),ground truth,699,15463,0.686679765416401,236.18210602394052,0.014509651278012821,0.04824045385447697,0.4426695983961715,-0.114660803207657,0.025262698148355522,0.053987934440322495,0.35050071530758226,0.253249692815107,0.017756315278685035,0.8789317701314889,60.57566465869355,2.8448886310651256,1.0000000000001243,0.5683034323254925,39.16727021459643,1.8207287238816807,0.6472228763886934,0.3267036140319396,22.51629675807643,1.024159907183445,0.3794709707914766
FB-Swarthmore,fb-Swarthmore42,Facebook (gender),ground truth,1517,53725,0.8754468724867637,530.0939504691625,0.004584998045421997,0.03109501664378042,0.46659841786877615,-0.06680316426244765,0.03311820927672918,0.06627397904670089,0.015161502966381015,0.02380642159143788,0.004661911438667875,0.9997711827864322,218.052695526158,3.5173009715203833,0.9999999999997533,0.6415335344579823,139.92013259384856,2.2510726217730457,0.641824429354634,0.36290425242474345,79.15036142427455,1.266228349747338,0.3645046011780345
