mixing_ratio,seed,n,m,lambda_2,polarization,cross_edge_fraction,modularity,size_imbalance,volume_imbalance,trM_over_n,disparity_rho=0.0,ratio_rho=0.0,bound_rho=0.0,disparity_rho=0.05,ratio_rho=0.05,bound_rho=0.05,disparity_rho=0.1,ratio_rho=0.1,bound_rho=0.1,disparity_rho=0.2,ratio_rho=0.2,bound_rho=0.2
0.01,0,500,2488.0,0.1403857753008042,0.7653667635946493,0.008842443729903537,0.4910150717010784,0.0,0.016881028938906754,0.01753553012631091,0.9999999999999867,1.3065631375255315,1.3004797165084163,0.8133317507239883,1.0626692840750818,1.0533885703718173,0.6463127908454634,0.8444484678299425,0.8323070185653866,0.3712227392808342,0.4850259469555956,0.46817269794302985
0.01,1,500,2511.0,0.1940795485581007,0.697351975600713,0.011947431302270013,0.4879440061499216,0.0,0.014735165272799682,0.018609753875052072,1.0000000000000075,1.433996080872342,1.4258259682847174,0.8135358532362661,1.1666072251899335,1.1549190343106213,0.6466995113950238,0.9273645648425156,0.9125286197022193,0.371910242480036,0.53331783015265,0.5132973485824982
0.01,2,500,2523.0,0.11624404927198123,0.7998230993396014,0.007134363852556481,0.49232451851212994,0.0,0.03289734443123266,0.016924988099788412,1.0000000000000053,1.2502764684161862,1.2460007775351092,0.8132157477389642,1.016744513143495,1.0092606298034386,0.6460929957159274,0.8077948689521395,0.79744049762247,0.3708319923838665,0.4636425138134362,0.4485602799126393
0.01,3,500,2595.0,0.18730161287319994,0.7058006742314031,0.011175337186897881,0.4881685915926953,0.0,0.036223506743737956,0.016487878778346676,0.9999999999999803,1.4168306102696089,1.4096851199313019,0.81313269696787,1.152071295275183,1.1418449471443546,0.6459356363601924,0.9151813818591175,0.9021984767560334,0.37055224241813484,0.5250097597620683,0.5074866431752687
0.01,4,500,2555.0,0.17997986379172778,0.7144931424946996,0.010958904109589041,0.4889472696565961,0.0,0.0136986301369863,0.016529092832365536,0.9999999999999782,1.3995935587406938,1.3923524789539445,0.8131405276381318,1.1380662448333632,1.1278055079526952,0.6459504734196378,0.9040681218636465,0.8911055865305246,0.3705786194127061,0.5186594487370537,0.50124689242342
0.01778279410038923,0,500,2501.0,0.22697744835421374,0.6598078490354824,0.013994402239104359,0.4858645905891942,0.0,0.01679328268692523,0.017181423417331677,1.0000000000000204,1.5155927615317646,1.5054736587698172,0.8132644704493096,1.2325777446239121,1.219433663603552,0.6461853124302527,0.9793537821274128,0.9635031416126832,0.3709961109870996,0.5622790203684719,0.5419705171571342
0.01778279410038923,1,500,2529.0,0.30844711804930963,0.577909060350474,0.018979833926453145,0.48091314340053176,0.0,0.014630288651640965,0.01809693112251084,0.9999999999999942,1.7303760550034333,1.712033860731544,0.8134384169132725,1.4075543588466346,1.3867474271925506,0.6465148952041003,1.1187138938642358,1.0957016708681884,0.3715820359184049,0.6429766574226372,0.6163321898633558
0.01778279410038923,2,500,2541.0,0.23490141336466278,0.6513858913384094,0.014167650531286895,0.48529887104535596,0.0,0.03266430539157812,0.016424121673555527,0.9999999999999729,1.535188301277546,1.5249815007300416,0.8131205831179537,1.2482932067306927,1.2352350155913339,0.6459126838024628,0.9915975958203505,0.9759881604672268,0.3705114378710658,0.5688048249091979,0.548993340262815
0.01778279410038923,3,500,2611.0,0.29312498283084293,0.5935723248190585,0.017234775947912676,0.48211716889963085,0.0,0.03600153198008426,0.016161491688904406,1.0000000000000002,1.6847146643921362,1.6721722212212677,0.8130706834208921,1.3697921035465126,1.354459499189227,0.6458181370080058,1.0880192859477968,1.0701902215816115,0.37034335468089885,0.6239228804910882,0.6019819996396564
0.01778279410038923,4,500,2577.0,0.33047437268171803,0.5601804032260469,0.019402405898331393,0.48050536302978086,0.0,0.013581684128831975,0.016000611640551363,1.0000000000000404,1.7851392055864461,1.7701620563628113,0.8130401162117376,1.4513897871640744,1.4338312656538772,0.6457602201906245,1.1527718864703733,1.1329037160721995,0.3702403914499674,0.6609306382689829,0.637258340290612
0.03162277660168379,0,500,2530.0,0.4120196583918811,0.4952269254259674,0.025296442687747035,0.4745657641894109,0.0,0.016600790513833993,0.016485232427398494,0.9999999999999851,2.019276312853626,1.9937995156851247,0.8131321941611936,1.6419385788884182,1.6149776077049511,0.645934683673854,1.3043206063932327,1.27603169003848,0.3705505487535297,0.7482439458129264,0.7177678256466449
0.03162277660168379,1,500,2568.0,0.541969892561627,0.4103880069078667,0.03387850467289719,0.4660176986587864,0.0,0.01440809968847352,0.017185486934766188,0.9999999999999991,2.4367183815498343,2.3776711495665155,0.813265242517605,1.9816983655182336,1.9259136311488776,0.6461867752965154,1.5745751932794327,1.5217095357225703,0.37099871163825,0.904019380180231,0.8559616138439455
0.03162277660168379,2,500,2574.0,0.453463229356069,0.46790763503622645,0.026806526806526808,0.47267358601857434,0.0,0.03224553224553225,0.015716262504696613,0.9999999999999953,2.1371739316084746,2.1125553590901727,0.8129860898758886,1.7374926780430617,1.71116984086304,0.6456578545016879,1.379883135379271,1.3520354298177109,0.37005840800300416,0.7908791827565571,0.7605199292724621
0.03162277660168379,3,500,2642.0,0.4955419413489543,0.44095733377315505,0.028766086298258896,0.47060097728362826,0.0,0.03557910673732021,0.015392305241224334,1.0000000000000284,2.267793102437584,2.236645698333799,0.8129245379958556,1.8435446600692085,1.8116830156503774,0.6455412298868591,1.463953948476452,1.4314532469336316,0.36985107535439377,0.8387457176177934,0.8051924514001676
0.03162277660168379,4,500,2608.0,0.53072971398499,0.42075831249955686,0.031058282208588958,0.46885166629812947,0.0,0.013420245398773007,0.015425943313863833,1.0000000000000078,2.376661304822257,2.3431334572765694,0.8129309292296405,1.9320614829932723,1.8979381003940214,0.6455533395929961,1.5342616424094437,1.4996054126570046,0.3698726037208756,0.879061904977255,0.843528044619565
0.05623413251903491,0,500,2580.0,0.7273104343434638,0.3274865337380963,0.044186046511627906,0.4556814494321255,0.0,0.01627906976744186,0.015587066124148884,1.0000000000000022,3.0535606719015234,2.9836013365918053,0.8129615425635901,2.48242739414057,2.4167170826393622,0.6456113438046952,1.9714134087755062,1.9095048554187557,0.369975722319456,1.1297433152330472,1.0740964811730498
0.05623413251903491,1,500,2639.0,0.8575682597731479,0.24311099229355546,0.05987116331943918,0.44003054999905944,0.0,0.014020462296324365,0.01596235557768356,0.9999999999999916,4.11334753137158,3.4505598397166413,0.813032847559753,3.3442866564339444,2.7949534701704795,0.6457464480079608,2.656179557805534,2.2083582974186506,0.3702159075697144,1.5228266894763867,1.2422015422979908
0.05623413251903491,2,500,2635.0,0.8384783428161343,0.288235790432525,0.04933586337760911,0.45016804150808876,0.0,0.03149905123339659,0.014592812413493557,1.000000000000006,3.46938178114318,3.38000261700396,0.8127726343585687,2.819818569855349,2.7378021197732076,0.6452534124688617,2.238630433439921,2.1632016748825347,0.36933939994463805,1.281379385226274,1.2168009421214256
0.05623413251903491,3,500,2707.0,0.9141184280945436,0.26568081061986837,0.05208718138160325,0.4473099131818902,0.0,0.0347247875877355,0.014377901912780915,1.0000000000000036,3.763915044021703,3.6638493567711263,0.8127318013634313,3.0590534539066665,2.9677179789846124,0.6451760446886035,2.4283878206458445,2.344863588333521,0.36920185722418103,1.389644424686843,1.3189857684376054
0.05623413251903491,4,500,2674.0,0.9390325882222628,0.25777965104893824,0.0549738219895288,0.4449405169814423,0.0,0.013089005235602094,0.014429472031468016,1.0000000000000342,3.8792821540835623,3.7598473781879274,0.8127415996860066,3.152853983543144,3.0454763763322212,0.6451946099313505,2.5028919362175075,2.406302322040274,0.36923486210015183,1.432366211210575,1.3535450561476539
0.1,0,500,2695.0,1.445167916248972,0.1588891719417757,0.0849721706864564,0.41490639230898974,0.0,0.015584415584415584,0.014181276686522335,0.9999999999999938,6.29369508179223,5.978846138653339,0.8126944425704343,5.114851016205452,4.842865372309205,0.6451052596071442,4.060095799627808,3.826461528738138,0.36907601707937204,2.3228519134999233,2.152384609915202
0.1,1,500,2757.0,0.877447705627173,0.12850784243560623,0.10010881392818281,0.39980113271207696,0.0,0.01342038447587958,0.014652330755291633,1.0000000000000189,7.781626249783994,3.524809887364736,0.8127839428435207,6.324780865033955,2.8550960087654365,0.6452748390719172,5.021287626047078,2.2558783279134316,0.3693774916833934,2.8743575853628087,1.268931559451305
0.1,2,500,2746.0,1.5460445438944894,0.14681611290192872,0.08776402039329935,0.41177918062901797,0.0,0.030225782957028404,0.013271025392742697,0.9999999999999948,6.811241492737121,6.4823428194948995,0.812521494824617,5.53428011929025,5.250697683790869,0.6447775691413842,4.3917357325219974,4.148699404476736,0.36849345625135344,2.509897919021343,2.3336434150181637
0.1,3,500,2824.0,1.6158630636940414,0.13766755970279038,0.09135977337110482,0.4080862437705143,0.0,0.03328611898016997,0.01307828225090352,0.9999999999999747,7.263875397797915,6.842739567998775,0.8124848736276512,5.901788884626993,5.542619050079008,0.6447081816103092,4.683079899158273,4.379353323519217,0.36837010064056913,2.6757945113274397,2.463386244479559
0.1,4,500,2770.0,1.491553922031917,0.15054421712443022,0.08772563176895307,0.4121945418290347,0.0,0.01263537906137184,0.013319210733625152,1.0,6.642566676430114,6.207840946392629,0.8125306500393888,5.397289019529744,5.02835116657803,0.6447949158641052,4.283093221250464,3.9730182056912833,0.3685242948695201,2.4479472005551797,2.2348227407013463
0.1778279410038923,0,500,2890.0,2.4882639839114153,0.07156515344212164,0.1467128027681661,0.353181595047952,0.0,0.01453287197231834,0.012284927059380054,1.000000000000027,13.973281016001422,12.16798562145354,0.8123341361413042,11.350973163192894,9.856068353377367,0.6444225737413942,9.004697715943156,7.787510797730267,0.367862353318013,5.140244038120059,4.380474823723274
0.1778279410038923,1,500,2942.0,1.7996427597362739,0.06025288109876588,0.1566961250849762,0.3432247910082118,0.0,0.01257647858599592,0.012172773067898995,1.0000000000000273,16.596716733940706,7.837999582143739,0.812312826882923,13.481725887122119,6.34877966153643,0.6443821983044612,10.694628813652857,5.016319732571994,0.36779057476346516,6.104115986762306,2.821679849571746
0.1778279410038923,2,500,2918.0,2.580635634600327,0.0702958514083639,0.1415352981494174,0.3580601673054817,0.0,0.02844413982179575,0.011722972963439642,1.0000000000000084,14.225590557126775,12.820951547769686,0.8122273648630605,11.55441393183582,10.384970753693446,0.6442202702668438,9.164413793417594,8.2054089905726,0.3675027026966044,5.22794297719934,4.615542557197087
0.1778279410038923,3,500,3004.0,2.504464977512962,0.06637395055348175,0.14580559254327563,0.35370482499144507,0.0,0.031291611185086554,0.011574947625952455,0.9999999999999785,15.066151579966817,12.281274778614927,0.8121992400489136,12.236716863711052,9.947832570678091,0.6441669811453292,9.705117380745365,7.860015858313555,0.3674079664806018,5.535424114684234,4.421258920301374
0.1778279410038923,4,500,2963.0,1.7306950066632163,0.06757912056442786,0.1471481606479919,0.3527820735180399,0.0,0.01181235234559568,0.011674894227035243,0.9999999999999996,14.797469864181354,7.456695219415424,0.8122182299031364,12.018774780130387,6.039923127726494,0.6442029619217324,9.532573915453208,4.772284940425872,0.3674719323053024,5.437654844220205,2.6844102789895525
0.31622776601683794,0,500,3208.0,3.025487243657342,0.029816668325334965,0.23129675810473815,0.2686175381372006,0.0,0.013092269326683292,0.010078586880560283,1.0000000000000515,33.53828768153684,16.20454754884798,0.8119149315073483,27.230236545827328,13.125683514566864,0.6436282912770348,21.586190792824073,10.37091043126271,0.3664502956035771,12.290115434936354,5.833637117585273
0.31622776601683794,1,500,3295.0,2.672256896497346,0.02436766140993394,0.247040971168437,0.25289598209454245,0.0,0.011229135053110774,0.009794240679532037,0.9999999999999745,41.03799635004389,13.48547071387232,0.8118609057290905,33.3171448860546,10.92323127823658,0.6435259266446154,26.409014628801014,8.630701256878288,0.3662683140348913,15.030917734500983,4.854769456994036
0.31622776601683794,2,500,3268.0,4.007938279130712,0.026844524906677394,0.23347613219094246,0.26620134376746285,0.0,0.02539779681762546,0.009502655762502001,1.0000000000000018,37.25154397317192,25.079445807582673,0.8118055045948769,30.241008452079022,20.314351104141966,0.643420956074502,23.968424038469585,16.050845316852914,0.3660816996880019,13.637108533701095,9.028600490729762
0.31622776601683794,3,500,3350.0,3.9746048975229984,0.026044578682971588,0.23402985074626867,0.2655764758298062,0.0,0.028059701492537312,0.009365137934566933,0.9999999999999947,38.39570653733833,24.746693886459802,0.8117793762075635,31.168842701929343,20.04482204803244,0.6433714496564408,24.702701375510774,15.837884087334276,0.3659936882781209,14.052586249644888,8.908809799125528
0.31622776601683794,4,500,3303.0,2.697525510458189,0.026615293507202167,0.23493793521041478,0.2650059226518081,0.0,0.01059642749016046,0.009433470878813017,0.999999999999977,37.572382950778824,13.67169490048909,0.8117923594669558,30.500973406409464,11.074072869396163,0.6433960495163582,24.17392276144742,8.74988473631302,0.36603742136243206,13.752898169745203,4.9218101641760725
0.5623413251903491,0,500,3817.0,4.155827527025558,0.010287031292563087,0.35394288708409744,0.14599657544612574,0.0,0.01100340581608593,0.0074929029403867685,1.0000000000000004,97.20977525585454,26.582557488434478,0.8114236515586739,78.87831080530347,21.531871565631928,0.6426974450585397,62.47647419165253,17.01283679259807,0.3647954578818477,35.461684475050944,9.569720695836411
0.5623413251903491,1,500,3914.0,4.577297401684733,0.008593605551695409,0.36612161471640264,0.1338337033653285,0.0,0.009453244762391415,0.0071795644576107,1.0000000000000049,116.36559229818474,31.106246306839274,0.8113641172469501,94.4148660729347,25.196059508539815,0.6425846432047431,74.77474260823728,19.90799763637714,0.36459492125287263,42.42630396050034,11.198248670462139
0.5623413251903491,2,500,3868.0,5.608334565152993,0.009700936400536604,0.3523784901758015,0.1473912844124998,0.0,0.021458117890382628,0.0071907367966880485,1.0000000000000013,103.08283228665293,43.6700857249958,0.8113662399913719,83.63793004008268,35.3727694372466,0.6425886652468087,66.23985960894086,27.94885486399732,0.36460207154988084,37.58421419294255,15.721230860998487
0.5623413251903491,3,500,3958.0,4.9447262476615625,0.009159734653466936,0.35169277412834765,0.14802520962271615,0.0,0.023749368367862556,0.007021797651142986,0.9999999999999789,109.17346820974574,35.33977015963632,0.8113341415537001,88.5761621103961,28.625213829305423,0.642527847154398,70.14699349518853,22.61745290216725,0.3644939504967239,39.79306871719956,12.722317257469076
0.5623413251903491,4,500,3899.0,4.439546480563041,0.009692158629350047,0.3518850987432675,0.1480746110382306,0.0,0.008976660682226212,0.00716168391223999,0.9999999999999953,103.17618997400324,29.588665914205766,0.8113607199433219,83.71310777831661,23.96681939050667,0.6425782062084036,66.29877107691279,18.936746185091692,0.3645834777038319,37.61633415695351,10.651919729114075
1.0,0,500,4868.0,6.833056884193227,0.0033631864813736955,0.4934264585045193,0.006536322260174837,0.0,0.008627773212818405,0.005173541710369134,0.9999999999999942,297.3370657673266,61.35678015100691,0.8109829729249656,241.13529755677393,49.6989919223156,0.6418624750157294,190.84950494733204,39.26833929664443,0.3633110666946342,108.02584653178066,22.088440854362485
1.0,1,500,4985.0,6.5287741691248415,0.002925372409112404,0.5023069207622869,-0.002334465784515044,0.0,0.007422266800401204,0.004987709515720176,1.0000000000000613,341.8368194371103,56.68244048968145,0.8109476648080365,277.21177046791405,45.91277679664198,0.6417955754256985,219.3893582323174,36.276761913396136,0.36319213409008294,124.15244396192284,20.40567857628532
1.0,2,500,4972.0,7.888656240429505,0.0031417199622031265,0.49617860016090104,0.0036820636432890186,0.0,0.0166934835076428,0.005003022147832534,0.9999999999999467,318.2969876470779,79.00820976052638,0.8109505742080451,258.12312490110264,63.99664990602638,0.6418010879731858,204.28335297049318,50.5652542467369,0.3632019341745936,115.6060815553716,28.442955513789496
1.0,3,500,5041.0,7.222762169617267,0.00299358670897597,0.4909740130926403,0.00885212985319625,0.0,0.01864709383058917,0.0049085105682279825,1.0000000000000095,334.0474478329322,67.61381769808887,0.8109326170079711,270.88997107599084,54.76719233545199,0.6417670638045683,214.38064976714855,43.27284332677688,0.36314144676366933,121.3064734937612,24.34097437131199
1.0,4,500,4983.0,7.2393886181417395,0.003189483868754023,0.49287577764398954,0.0070995549024822635,0.0,0.0070238811960666265,0.005010331128589991,0.9999999999999742,313.53035197843025,67.88752480076363,0.8109519629144113,254.25805437016083,54.98889508861854,0.6418037192062761,201.22494598381454,43.44801587248873,0.3632066119222883,113.8762968768911,24.439508928274904
