frac_a,seed,n,m,lambda_2,polarization,cross_edge_fraction,modularity,size_imbalance,volume_imbalance,trM_over_n,disparity_rho=0.0,ratio_rho=0.0,bound_rho=0.0,disparity_rho=0.05,ratio_rho=0.05,bound_rho=0.05,disparity_rho=0.1,ratio_rho=0.1,bound_rho=0.1,disparity_rho=0.2,ratio_rho=0.2,bound_rho=0.2
0.5,0,500,2695.0,1.445167916248972,0.1588891719417757,0.0849721706864564,0.41490639230898974,0.0,0.015584415584415584,0.014181276686522335,0.9999999999999938,6.29369508179223,5.978846138653339,0.8126944425704343,5.114851016205452,4.842865372309205,0.6451052596071442,4.060095799627808,3.826461528738138,0.36907601707937204,2.3228519134999233,2.152384609915202
0.5,1,500,2757.0,0.877447705627173,0.12850784243560623,0.10010881392818281,0.39980113271207696,0.0,0.01342038447587958,0.014652330755291633,1.0000000000000189,7.781626249783994,3.524809887364736,0.8127839428435207,6.324780865033955,2.8550960087654365,0.6452748390719172,5.021287626047078,2.2558783279134316,0.3693774916833934,2.8743575853628087,1.268931559451305
0.5,2,500,2746.0,1.5460445438944894,0.14681611290192872,0.08776402039329935,0.41177918062901797,0.0,0.030225782957028404,0.013271025392742697,0.9999999999999948,6.811241492737121,6.4823428194948995,0.812521494824617,5.53428011929025,5.250697683790869,0.6447775691413842,4.3917357325219974,4.148699404476736,0.36849345625135344,2.509897919021343,2.3336434150181637
0.5,3,500,2824.0,1.6158630636940414,0.13766755970279038,0.09135977337110482,0.4080862437705143,0.0,0.03328611898016997,0.01307828225090352,0.9999999999999747,7.263875397797915,6.842739567998775,0.8124848736276512,5.901788884626993,5.542619050079008,0.6447081816103092,4.683079899158273,4.379353323519217,0.36837010064056913,2.6757945113274397,2.463386244479559
0.5,4,500,2770.0,1.491553922031917,0.15054421712443022,0.08772563176895307,0.4121945418290347,0.0,0.01263537906137184,0.013319210733625152,1.0,6.642566676430114,6.207840946392629,0.8125306500393888,5.397289019529744,5.02835116657803,0.6447949158641052,4.283093221250464,3.9730182056912833,0.3685242948695201,2.4479472005551797,2.2348227407013463
0.55,0,500,2682.0,1.434684350956546,0.1605127101088215,0.08351976137211037,0.4017717475744892,0.1,0.1715137956748695,0.014336673456817077,0.9916051271011193,6.177735871687973,5.927687888792697,0.8060002298003381,5.02141063629105,4.801427189922085,0.6399326901101656,3.9868038467253815,3.7937202488273267,0.3664096835616459,2.2827456050878094,2.1339676399653706
0.55,1,500,2776.0,0.8857246492582517,0.13053427473582216,0.09798270893371758,0.3833766578910214,0.1,0.1930835734870317,0.014722219468514208,0.991305342747343,7.594214965790145,3.5559574528201567,0.8058821179196648,6.173720423625327,2.8803255367843272,0.6399771272843738,4.902751622741017,2.275812769804901,0.3667218485909531,2.8093912448139156,1.2801446830152563
0.55,2,500,2792.0,1.5472820044809423,0.14655971788555022,0.08524355300859598,0.3947850900238914,0.1,0.1998567335243553,0.013375001704809895,0.9914655971788355,6.764925666362703,6.488645610352448,0.8057171719428874,5.497534954127566,5.255802944385483,0.6395212125212496,4.36355379054876,4.152733190625567,0.3657866911209048,2.495820109360137,2.3359124197268812
0.55,3,500,2848.0,1.5661451220509366,0.14160657328845916,0.08848314606741572,0.39049283550056824,0.1,0.2050561797752809,0.013499105249586873,0.9914160657329181,7.001200881496917,6.585100787425816,0.8057181541873069,5.6898358280729076,5.333931637814911,0.6395673912254443,4.51650920132511,4.214464503952523,0.3659073110529645,2.583971227858147,2.3706362834732935
0.55,4,500,2783.0,1.5179320541355865,0.1460272148201618,0.09019044196909809,0.3954272830176645,0.1,0.169601149838304,0.013239099335926636,0.9914602721482246,6.789558188651661,6.339981829243455,0.8056460317211108,5.517095102534793,5.135385281687199,0.6393911850231669,4.378575499167071,4.057588370715812,0.36555967281478846,2.503366740679054,2.2823934585276437
0.6,0,500,2736.0,1.3426649357472369,0.17008885114133382,0.0763888888888889,0.36345631722153815,0.2,0.3468567251461988,0.01483215689428199,0.9668035540456577,5.684108908715603,5.488079001179607,0.7863054387824335,4.6229099291702545,4.4453439909554815,0.6248071251258648,3.673416105366523,3.512370560754949,0.35880990263269225,2.1095439249839036,1.9757084404246583
0.6,1,500,2854.0,0.8540880632939603,0.14045041433784747,0.08794674141555711,0.34578689150918157,0.2,0.36405045550105114,0.014872117348409935,0.9656180165734959,6.875152495105803,3.4376425464491485,0.785426116372912,5.592195082341324,2.7844904626238103,0.6242017846144948,4.444285818288895,2.2000912297274553,0.3586558264241604,2.553611736320187,1.2375513167216934
0.6,2,500,2884.0,1.538066785905368,0.1462264923599434,0.08079056865464633,0.35506187228402536,0.2,0.35818307905686547,0.013315869613982765,0.9658490596943926,6.605157821312637,6.441783009716006,0.7852016977365053,5.3697636116695895,5.217844237869965,0.6235698475636589,4.264410897778443,4.122741126218244,0.35735268257308783,2.443829957251846,2.319041883497762
0.6,3,500,2925.0,1.4612431009084064,0.15315629604159198,0.07931623931623932,0.34750611439842216,0.2,0.38256410256410256,0.014041917001312413,0.96612625184167,6.308106664967291,6.0577176017692285,0.7856585264948595,5.129782756573727,4.906751257433076,0.6241874038161342,4.075492943800537,3.876939265132307,0.3582349664629394,2.3390156051152813,2.180778336636922
0.6,4,500,2847.0,1.4817980508444908,0.15105902223895468,0.0828942746750966,0.3596610609038976,0.2,0.33895328415876363,0.013423001579935551,0.9660423608895786,6.39513182709095,6.159321565175514,0.7852937696062876,5.198588988376083,4.9890504677921665,0.6235713458265009,4.127998027420675,3.9419658017123296,0.3572050007774403,2.3646717387882394,2.217355763463185
0.65,0,500,2848.0,0.8085671047284678,0.17704209952271588,0.06776685393258428,0.303875218465945,0.3,0.5066713483146067,0.015693347810613968,0.9259337889570558,5.230020381893693,3.270914972305912,0.7539833663132559,4.258780077427369,2.649441127567789,0.6001329881582772,3.3897755944838166,2.093385582275784,0.3467323653147826,1.9584740931650222,1.1775293900301282
0.65,1,500,2962.0,0.8358993496104676,0.14316668121509063,0.0786630654962863,0.28246780853676157,0.3,0.5270087778528022,0.015497302766359423,0.9228850013093814,6.446227526381353,3.370526421900138,0.751547978716808,5.249461483204308,2.730126401739112,0.5982464321866109,4.178670812993269,2.1571369100160886,0.34574976731334467,2.415015591469201,1.2133895118840496
0.65,2,500,2991.0,1.458989462471533,0.15328290020251245,0.07188231360748913,0.2952235174262339,0.3,0.5155466399197592,0.013681624865349367,0.9237954610182284,6.026735270520974,6.0466291765460385,0.7516818927006697,4.903886158909908,4.897769633002292,0.5976855421007488,3.899231690626324,3.8698426729894653,0.3440444940538198,2.244506684041594,2.1767865035565737
0.65,3,500,3041.0,1.2955131381338005,0.17385094305422769,0.06576783952647156,0.2939093595464635,0.3,0.5297599473857284,0.01487748856958806,0.9256465848749076,5.324369075100038,5.269380567344889,0.753624249718946,4.334887326345277,4.268198259549361,0.599709528789928,3.44956155114365,3.37240356310073,0.34620292961272137,1.991377921399791,1.89697700424416
0.65,4,500,2949.0,1.4173294747538463,0.1566879077898988,0.07460155985079688,0.30634497316825265,0.3,0.48796202102407593,0.013584101932485517,0.9241019117010809,5.897723217672928,5.8434817895137074,0.7517457804180301,4.79772683815549,4.733220249506103,0.5975323997963531,3.813519551218835,3.7398283452887733,0.34353389053712013,2.192472255087873,2.1036534442249346
0.7,0,500,3011.0,0.8022328223357311,0.18279827666302956,0.0591165725672534,0.23353339316781674,0.4,0.6439721022915975,0.01642379984356912,0.869247724266067,4.7552293168957975,3.248043145904215,0.7091977042974029,3.879673907455585,2.630914948182414,0.5659950548517562,3.0962822253248685,2.078747613378698,0.3301318675295142,1.805990042991923,1.1692955325255174
0.7,1,500,3141.0,0.7749367516026586,0.1422442019151768,0.0690862782553327,0.21834760626040403,0.4,0.6520216491563197,0.015544310667197482,0.8627590723064552,6.065337361314287,3.150400472189798,0.7036931800500917,4.947078127442542,2.5518243824737366,0.5613710659259771,3.9465303918730856,2.016256302201471,0.32695817207449396,2.2985694156410394,1.1341441699883272
0.7,2,500,3142.0,1.3964656721113067,0.15623221653800967,0.06269891788669638,0.2283822979439969,0.4,0.6464035646085295,0.013832140936245857,0.8649971546461194,5.536611934553681,5.7430477176078965,0.7047771536408777,4.511087208888269,4.651868651262396,0.5614224158993457,3.593512454345532,3.6755505392690546,0.3253087302074104,2.082212858628081,2.0674971783388427
0.7,3,500,3171.0,1.1157015569899587,0.17684571446713343,0.058971933144118575,0.22048457118034268,0.4,0.6641438032166509,0.01594802849951438,0.8682953143147292,4.909903058329982,4.476193078249735,0.7084308047024535,4.005925768894527,3.6257163933822856,0.5653941382072594,3.1971039836101722,2.864763570079831,0.329804334568116,1.8649269254947636,1.6114295081699046
0.7,4,500,3098.0,1.2540948518416524,0.15334456626240994,0.0684312459651388,0.23387858052905705,0.4,0.6287927695287282,0.014040814138437299,0.8645351306019753,5.637859571251745,5.080943601099042,0.704358803032234,4.593307869982849,4.115564316890224,0.5610431415224654,3.6587089793738357,3.2518039047033875,0.3249938166828465,2.1193696301354614,1.829139696395655
0.75,0,500,3211.0,0.7930399325814335,0.18207413500354303,0.050451572718779196,0.16248781220657993,0.5,0.7577078791653691,0.017118962952921778,0.7955185337508905,4.369201225288866,3.2149921998316313,0.6511925285699474,3.576524082112353,2.6041436818636217,0.5220587344606825,2.8672866382175792,2.0575950078922443,0.3093677794571873,1.6991308482732446,1.1573971919393873
0.75,1,500,3345.0,0.8021513047920995,0.14473676513631317,0.059192825112107626,0.15454626296750607,0.5,0.7566517189835575,0.015641987449759216,0.7861841912840799,5.4318209374352895,3.2477493253638663,0.6429455899805724,4.442171893057344,2.630676953544732,0.5147847361826972,3.556696432298128,2.078559568232875,0.3036962711038437,2.09826626163589,1.1691897571309917
0.75,2,500,3323.0,1.242955913159715,0.16608983161637542,0.0511585916340656,0.1601511782523415,0.5,0.7598555522118567,0.014737878215561835,0.7915224579041247,4.7656286372325125,5.030851228378132,0.646782855864322,3.894174914682455,4.074989494986287,0.5172790014076566,3.1144531629271404,3.2197447861620048,0.3039785352437368,1.8302055718007388,1.8111064422161274
0.75,3,500,3343.0,1.0793149635028056,0.16392415698057328,0.05384385282680227,0.15500522609469924,0.5,0.76308704756207,0.015990534482383217,0.7909810392451374,4.825286607018372,4.323550717446674,0.647050210230492,3.9472535479146873,3.502076081131806,0.5182699947963354,3.161645021348231,2.7670724591658717,0.3061614046694893,1.8677015658270102,1.5564782582808026
0.75,4,500,3286.0,1.169328261489229,0.16074436579302429,0.05690809494826537,0.16127101308452207,0.5,0.7507608034083992,0.014755972291066113,0.790186091448243,4.915793393752244,4.7059851060958815,0.6455973148429532,4.016298248824655,3.8118479359376645,0.5162284094592731,3.211486803363129,3.0118304679013645,0.30315021235674056,1.8859150108382596,1.6941546381945172
0.8,0,499,3461.0,0.7388853478159777,0.1949507558990676,0.03987286911297313,0.09564035493196532,0.6032064128256514,0.8537994799190985,0.01835635194197116,0.7070764110795354,3.6269488046797425,3.0237222528490935,0.582768944093671,2.9893135905325217,2.4492150248077658,0.4715464736326343,2.418797872611324,1.9351822418234201,0.2883565222850443,1.4791249254469983,1.0885400110256735
0.8,1,498,3599.0,0.7920162717235038,0.1388659483102095,0.0486246179494304,0.0974448306586351,0.606425702811245,0.8413448180050014,0.014479890089280627,0.6833161156661991,4.920688793625307,3.2113223181218062,0.5608147897432011,4.038533539485213,2.6011710776786634,0.45120834023315026,3.24923673314934,2.0552462835979566,0.2706800704518899,1.9492184638902534,1.15607603452385
0.8,2,500,3539.0,0.6262672098876934,0.1832650243170899,0.040406894602995194,0.09837913162507361,0.6,0.8499576151455214,0.016825307000855425,0.7059754087541572,3.852210269716606,2.6447450379559028,0.580789949392422,3.169125977838107,2.1422434807442814,0.4687819068056063,2.557945295631029,1.6926368242917782,0.2842980719567331,1.551294760231135,0.952108213664125
0.8,3,500,3595.0,0.9076340630166673,0.1688116554858946,0.04172461752433936,0.10238435781422583,0.6,0.8436717663421419,0.015481364275314088,0.7007721959749125,4.1512074149019105,3.639067718381478,0.5755871563005451,3.4096410857640067,2.9476448518889975,0.4635794892234795,2.7461343702195657,2.3290033397641463,0.27909627286125377,1.653299779911075,1.310064378617332
0.8,4,499,3529.0,1.0541936398697282,0.1835408463990809,0.04080476055539813,0.10814494901613082,0.6032064128256514,0.8379144233493908,0.014413298674121682,0.7029248244970966,3.8298004955730476,4.219711510081244,0.5764446102784407,3.140688416708355,3.417966323165808,0.4632781028196435,2.5241144514083675,2.7006153664519967,0.27688620818162424,1.5085808615025043,1.5190961436292478
0.8500000000000001,0,498,3758.0,0.593129758196707,0.18517208781579858,0.03139968068121341,0.04915226441884067,0.7068273092369478,0.9159127195316658,0.017144319357161243,0.5929080271637974,3.2019298057145495,2.5380624264518983,0.49333162930702396,2.664179224450769,2.055830565426038,0.40423695754043715,2.1830339675305446,1.6243599529292152,0.25749279227782346,1.390559426720762,0.9137024735226833
0.8500000000000001,1,498,3848.0,0.7976979089840758,0.14029787166488022,0.038721413721413724,0.05022180569542829,0.7068273092369478,0.9067047817047817,0.014967026131962276,0.5704886513554871,4.0662673252675825,3.2317177719657186,0.47294304208213606,3.3709922785701427,2.617691395292232,0.3856653916796641,2.7489040788934864,2.06829937405806,0.24191396748735722,1.7242882206025214,1.1634183979076587
0.8500000000000001,2,499,3820.0,0.5661759732127252,0.18472891611455353,0.029842931937172777,0.05376922233491414,0.7034068136272545,0.912565445026178,0.015950057036984388,0.5966192392569997,3.229701401414741,2.452907179068827,0.4950254177397758,2.679739740543934,1.9868548150457501,0.40412568269804927,2.1876687808174227,1.5698605946040496,0.25440847204108774,1.3771989647972858,0.8830465844647777
0.8500000000000001,3,500,3876.0,0.36951613099638336,0.18700104624789934,0.031217750257997934,0.05617722008688329,0.7,0.9084107327141383,0.016480555077795372,0.6016305126614723,3.2172574685165998,1.8755744330593034,0.49960957067531514,2.671693986209061,1.5192152907780359,0.40832767521401664,2.1835582388812624,1.2003676371579544,0.25798102386599553,1.379569949164889,0.6752067959013492
0.8500000000000001,4,499,3796.0,0.8401934763614314,0.18530024537893663,0.030821917808219176,0.05449496364094643,0.7034068136272545,0.910695468914647,0.015504377573363828,0.5969019222048705,3.221268924842564,3.38631203044317,0.494714254671396,2.6697981627585636,2.742912744658968,0.40328318372039257,2.176376954578142,2.167239699483629,0.2526908315657986,1.363683199928036,1.219072330959541
0.9,0,496,4054.0,0.30983101636153376,0.17301235136140397,0.022446965959546126,0.017425309627381216,0.8145161290322581,0.9592994573260977,0.015836939625293263,0.4513461886210778,2.6087512542862603,1.7156572914226889,0.3849850787556047,2.2251884083779245,1.389682406052378,0.32560934887597104,1.882000598880993,1.098020666510521,0.22781402907422119,1.3167500891213395,0.617636624912168
0.9,1,498,4191.0,0.712202379501542,0.1381812159817,0.024815079933190168,0.022221892010358908,0.8072289156626506,0.9518014793605345,0.012488419271565795,0.43842291748322115,3.1728112563525537,2.9316369883707423,0.368293918798668,2.665296554109373,2.3746259605803015,0.3055469199756467,2.211204452102316,1.8762476725572754,0.20219892191419991,1.4632880487965751,1.0553893158134673
0.9,2,499,4204.0,0.47924781497129043,0.19347345202386657,0.01974310180780209,0.024203507646652595,0.8036072144288577,0.9550428163653664,0.014045952700716118,0.47915761205333823,2.476606516506617,2.188174098097337,0.4037129387106302,2.086658063354495,1.772421019458843,0.33620980993031246,1.737756815797333,1.400431422782296,0.2250281860568479,1.16309593746789,0.7877426753150413
0.9,3,499,4224.0,0.2635189461225301,0.19202823892337442,0.02130681818181818,0.024920727157943155,0.8036072144288577,0.9526515151515151,0.014841798648121777,0.47822431575422936,2.4903853643372553,1.5964801272105889,0.4044220419033917,2.1060550477930975,1.293148903040577,0.33838842845790534,1.7621805540430615,1.021747281414777,0.22962718278298658,1.1957990349253547,0.574732845795812
0.9,4,497,4130.0,0.2547706762929852,0.16267806821316858,0.023002421307506054,0.017080448381593383,0.8108651911468813,0.9590799031476998,0.014636245777515258,0.44945885526612983,2.762873079345718,1.5744494500847557,0.3811251921057714,2.3428185267503676,1.2753040545686523,0.31998454612018756,1.9669802428492646,1.0076476480542438,0.21928230567334342,1.3479524811298,0.566801802030512
